cod_local; endereco_formatado; lat; lng
00802; AV NOVE DE JULHO, 3332, Sao Paulo, SP ; -23.5688496; -46.6609684 
00820; AV MARQUES DE SAO VICENTE, 0, Sao Paulo, SP ; -23.5225531; -46.6595444 
00822; AV MARQUES DE S.VICENTE, 0, Sao Paulo, SP ; -23.5225531; -46.6595444 
00826; AV. PAES DE BARROS, 1610, Sao Paulo, SP ; -23.5670026; -46.5923758 
00827; AV. PAES DE BARROS, 1581, Sao Paulo, SP ; -23.5666668; -46.5924076 
00829; AV. PAES DE BARROS, 0, Sao Paulo, SP ; -23.5555204; -46.6001961 
00839; AV GEN OLIMPIO DA SILVEIRA, 160, Sao Paulo, SP ; -23.532287; -46.6579368 
00843; AV FRANCISCO MATARAZZO, 1500, Sao Paulo, SP ; -23.5258109; -46.6768803 
00859; AV PROF FRANCISCO MORATO, 1588, Sao Paulo, SP ; -23.5829024; -46.7144985 
00888; AV SANTO AMARO, 3128, Sao Paulo, SP ; -23.6117502; -46.6778778 
00891; AV SANTO AMARO, 5355, Sao Paulo, SP ; -23.6294514; -46.6894507 
00900; R CON.EUGENIO LEITE, 0, Sao Paulo, SP ; -23.5668093; -46.6774583 
00909; AV POMPEIA, 0, Sao Paulo, SP ; -23.5255867; -46.6817788 
00910; AV BRAZ LEME, 0, Sao Paulo, SP ; -23.5151808; -46.6536737 
00911; AV STO AMARO, 0, Sao Paulo, SP ; -23.6099991; -46.6772352 
00912; AV SAO GABRIEL, 0, Sao Paulo, SP ; -23.5829764; -46.6700713 
00913; AV BRASIL, 0, Sao Paulo, SP ; -23.5790375; -46.6614338 
00917; R DO ORFANATO, 0, Sao Paulo, SP ; -23.5814184; -46.5851356 
00918; R CARDEAL ARCOVERDE, 0, Sao Paulo, SP ; -23.5529203; -46.6738789 
00922; R CONDE MOREIRA LIMA, 229, Sao Paulo, SP ; -23.6606156; -46.6584798 
00924; R ACURUI, 700, Sao Paulo, SP ; -23.5615225; -46.5527647 
00937; R TABAPUAR DR RENATO PAES DE BARROS, 0, Sao Paulo, SP ; -23.5505199; -46.6333094 
00945; AV PAES DE BARROS, 0, Sao Paulo, SP ; -23.5555204; -46.6001961 
00946; R JEROAQUARA, 0, Sao Paulo, SP ; -23.5248319; -46.7021814 
00948; AV NOVE DE JULHO, 0, Sao Paulo, SP ; -23.5517584; -46.6473069 
00954; R BOM PASTOR, 0, Sao Paulo, SP ; -23.577187; -46.6087672 
00955; AV FRANCISCO MATARAZZO, 0, Sao Paulo, SP ; -23.5317104; -46.6636422 
00958; AV ALCANTARA MACHADO, 0, Sao Paulo, SP ; -23.5519625; -46.6249602 
00959; AV ANGELICA , 0, Sao Paulo, SP ; -23.5329982; -46.6529922 
00960; AV SAO JOAO, 0, Sao Paulo, SP ; -23.5444048; -46.6365864 
00961; AV BRASIL, 0, Sao Paulo, SP ; -23.5790375; -46.6614338 
00962; R ESTADOS UNIDOS, 0, Sao Paulo, SP ; -23.5762711; -46.6582366 
00963; R DR PLINIO BARRETO, 0, Sao Paulo, SP ; -23.556975; -46.651433 
00968; AV EUSEBIO MATOSO, 0, Sao Paulo, SP ; -23.5715591; -46.6948518 
00971; AV CONCEICAO, 806, Sao Paulo, SP ; -23.5003449; -46.6055904 
00974; AV ENG CAETANO ALVARES, 0, Sao Paulo, SP ; -23.5137339; -46.6706418 
00976; AV SANTO AMARO, 0, Sao Paulo, SP ; -23.6099991; -46.6772352 
00984; AV AFRANIO PEIXOTO, 0, Sao Paulo, SP ; -23.5653265; -46.7128381 
00985; RUA MARIA CARLOTA, 395, Sao Paulo, SP ; -23.5250686; -46.5283945 
00986; R ANTONIO DE BARROS, 0, Sao Paulo, SP ; -23.529905; -46.560214 
00987; R DR DJALMA P.FRANCO, 0, Sao Paulo, SP ; -23.6482786; -46.6624739 
00995; AV ESCOLA POLITECNICA, 0, Sao Paulo, SP ; -23.5487872; -46.7326382 
00997; AV SAPOPEMBA, 3244, Sao Paulo, SP ; -23.573914; -46.5577068 
01000; AV LUIS D.VILLARES, 0, Sao Paulo, SP ; -23.5014157; -46.615276 
01001; AV RAIMUNDO PEREIRA MAGALHAES, 4653, Sao Paulo, SP ; -23.4887501; -46.7285114 
01004; AV ENG.CAETANO ALVARES, 0, Sao Paulo, SP ; -23.5137339; -46.6706418 
01011; AV LUIS D.VILLARES, 0, Sao Paulo, SP ; -23.5014157; -46.615276 
01014; AV IBIRAPUERA , 0, Sao Paulo, SP ; -23.5886102; -46.6481622 
01015; AV V.JOSE DINIS, 0, Sao Paulo, SP ; -23.6415738; -46.6981703 
01018; AV INTERLAGOS, 3493, Sao Paulo, SP ; -23.6808192; -46.6876311 
01021; R. N. SRA. DA LAPAPCA. MELVIN JONES, 0, Sao Paulo, SP ; -23.5505199; -46.6333094 
01022; AV. SAO JOAO , 0, Sao Paulo, SP ; -23.5444048; -46.6365864 
01027; AV.PROF.ASCEND.REIS, 0, Sao Paulo, SP ; -23.5505199; -46.6333094 
01031; AV. CRUZEIRO DO SUL, 0, Sao Paulo, SP ; -23.532586; -46.62523 
01032; AV. CRUZEIRO DO SUL, 0, Sao Paulo, SP ; -23.532586; -46.62523 
01036; AV. RUDGE, 0, Sao Paulo, SP ; -23.5273439; -46.6478727 
01037; AV.DR.CHUCRI ZAIDAN, 0, Sao Paulo, SP ; -23.614141; -46.6961995 
01038; AV. ENG. CAETANO ALVARES, 0, Sao Paulo, SP ; -23.5137339; -46.6706418 
01041; AV. MERCURIO, 0, Sao Paulo, SP ; -23.5448147; -46.6262907 
01043; R. CUBATAO, 0, Sao Paulo, SP ; -23.5722206; -46.6454338 
01044; AV. BRAZ LEME, 0, Sao Paulo, SP ; -23.5151808; -46.6536737 
01045; AV.AURO S.M.ANDRADE, 0, Sao Paulo, SP ; -23.5257; -46.6706 
01047; RUA MARIA CANDIDAAV. JOAQUINA RAMALHO, 0, Sao Paulo, SP ; -23.5505199; -46.6333094 
01048; AV. JOAQUINA RAMALHO, 0, Sao Paulo, SP ; -23.5163862; -46.6082729 
01050; AV.LUIS D. VILLARES , 0, Sao Paulo, SP ; -23.5014157; -46.615276 
01051; AV.LUIS D. VILLARES , 0, Sao Paulo, SP ; -23.5014157; -46.615276 
01052; AV. ARICANDUVA , 0, Sao Paulo, SP ; -23.5379234; -46.5459813 
01053; AV. ARICANDUVA , 0, Sao Paulo, SP ; -23.5379234; -46.5459813 
01054; AV. OTTO BAUMGARTAV. ZAKI NARCHI, 0, Sao Paulo, SP ; -23.5505199; -46.6333094 
01063; R. SILVA BUENOR.CLEMENTE PEREIRA, 0, Sao Paulo, SP ; -23.5505199; -46.6333094 
01065; AV.BRAZ LEME , 0, Sao Paulo, SP ; -23.5151808; -46.6536737 
01068; AV.ABRAAO MORAIS, 0, Sao Paulo, SP ; -23.6043941; -46.6261927 
01069; AV.ABRAAO MORAIS, 0, Sao Paulo, SP ; -23.6043941; -46.6261927 
01078; RUA VERGUEIRORUA DIDEROT, 0, Sao Paulo, SP ; -23.5505199; -46.6333094 
01079; AV NOSSA SRA DO SABARA , 0, Sao Paulo, SP ; -23.6586788; -46.6986065 
01100; R. APINAGES, 0, Sao Paulo, SP ; -23.5320854; -46.676357 
01101; R. APINAGES, 0, Sao Paulo, SP ; -23.5320854; -46.676357 
01102; R. AURELIA, 0, Sao Paulo, SP ; -23.5218218; -46.6976656 
01103; R. AURELIA, 0, Sao Paulo, SP ; -23.5218218; -46.6976656 
01104; AV SAO GUALTER, 0, Sao Paulo, SP ; -23.5353307; -46.7132746 
01105; AV. SAO GUALTER, 0, Sao Paulo, SP ; -23.5353307; -46.7132746 
01106; AV. JARDIM JAPAO, 0, Sao Paulo, SP ; -23.4890914; -46.5757217 
01107; AV. JARDIM JAPAO, 0, Sao Paulo, SP ; -23.4890914; -46.5757217 
01108; R. MERE AMEDEA, 515, Sao Paulo, SP ; -23.5093936; -46.5876267 
01109; R. MERE AMEDEA, 515, Sao Paulo, SP ; -23.5093936; -46.5876267 
01110; AV. GUAPIRA, 1310, Sao Paulo, SP ; -23.4750683; -46.5923344 
01111; AV. GUAPIRA, 1310, Sao Paulo, SP ; -23.4750683; -46.5923344 
01112; R. CERRO CORA, 0, Sao Paulo, SP ; -23.5405846; -46.6973004 
01113; R. CERRO CORA, 0, Sao Paulo, SP ; -23.5405846; -46.6973004 
01114; R. CAPIVARI, 0, Sao Paulo, SP ; -23.5499395; -46.6636643 
01115; AV. PROF. FONSECA RODRIGUES, 0, Sao Paulo, SP ; -23.5530504; -46.7094017 
01116; AV. PROF. FONSECA RODRIGUES, 0, Sao Paulo, SP ; -23.5530504; -46.7094017 
01117; R. HEITOR PENTEADO, 0, Sao Paulo, SP ; -23.5500138; -46.6797913 
01118; R. MJ. PALADINO, 0, Sao Paulo, SP ; -23.5505199; -46.6333094 
01119; AV. EDU CHAVES, 0, Sao Paulo, SP ; -23.4680073; -46.5740091 
01120; AV. EDU CHAVES, 0, Sao Paulo, SP ; -23.4680073; -46.5740091 
01121; AV. GUSTAVO ADOLFO, 0, Sao Paulo, SP ; -23.4815661; -46.5992913 
01122; AV. GUSTAVO ADOLFO, 0, Sao Paulo, SP ; -23.4815661; -46.5992913 
01123; AV. DR. ANTONIO MARIA LAET, 0, Sao Paulo, SP ; -23.4811124; -46.6045769 
01124; AV. DR. ANTONIO MARIA LAET, 0, Sao Paulo, SP ; -23.4811124; -46.6045769 
01125; AV. CEL. SEZEFREDO FAGUNDES, 0, Sao Paulo, SP ; -23.3728259; -46.5797198 
01126; AV. CEL. SEZEFREDO FAGUNDES, 0, Sao Paulo, SP ; -23.3728259; -46.5797198 
01127; AV. LEONCIO DE MAGALHAES, 0, Sao Paulo, SP ; -23.5000832; -46.6150378 
01128; AV. LEONCIO DE MAGALHAES, 0, Sao Paulo, SP ; -23.5000832; -46.6150378 
01129; AV. AGUA FRIA, 1361, Sao Paulo, SP ; -23.4770132; -46.6203683 
01130; AV. AGUA FRIA, 1361, Sao Paulo, SP ; -23.4770132; -46.6203683 
01131; R. DR. ALBERTO SEABRA, 0, Sao Paulo, SP ; -23.5500495; -46.7114462 
01132; R. DR. ALBERTO SEABRA, 0, Sao Paulo, SP ; -23.5500495; -46.7114462 
01133; AV. RAIMUNDO P. DE MAGALHAES, 17992, Sao Paulo, SP ; -23.4806625; -46.7253209 
01134; AV. RAIMUNDO P. DE MAGALHAES, 17992, Sao Paulo, SP ; -23.4806625; -46.7253209 
01135; AV. RAIMUNDO P. DE MAGALHAES, 0, Sao Paulo, SP ; -23.520372; -46.711487 
01136; AV. RAIMUNDO P. DE MAGALHAES, 0, Sao Paulo, SP ; -23.520372; -46.711487 
01137; R. CONS. MOREIRA DE BARROS, 0, Sao Paulo, SP ; -23.4974567; -46.6258295 
01138; R. CONS. MOREIRA DE BARROS, 0, Sao Paulo, SP ; -23.4974567; -46.6258295 
01139; AV. DAS CEREJEIRAS, 790, Sao Paulo, SP ; -23.5086103; -46.5805327 
01140; AV. DAS CEREJEIRAS, 790, Sao Paulo, SP ; -23.5086103; -46.5805327 
01141; AV. CONCEICAO, 0, Sao Paulo, SP ; -23.5018267; -46.6120866 
01142; AV. PERI RONCHETTI, 0, Sao Paulo, SP ; -23.4586554; -46.6483175 
01143; AV. PERI RONCHETTI, 0, Sao Paulo, SP ; -23.4586554; -46.6483175 
01144; R. TITO, 32, Sao Paulo, SP ; -23.5280999; -46.6946881 
01145; AV. JOAQUINA RAMALHO, 0, Sao Paulo, SP ; -23.5163862; -46.6082729 
01146; AV. JOAQUINA RAMALHO, 0, Sao Paulo, SP ; -23.5163862; -46.6082729 
01147; AV. JOAQUINA RAMALHO, 1500, Sao Paulo, SP ; -23.5036784; -46.6033516 
01148; AV. JOAQUINA RAMALHO, 1500, Sao Paulo, SP ; -23.5036784; -46.6033516 
01149; AV. GEN. ATALIBA LEONEL, 0, Sao Paulo, SP ; -23.5082143; -46.6261884 
01150; AV. GEN. ATALIBA LEONEL, 0, Sao Paulo, SP ; -23.5082143; -46.6261884 
01151; R. VOLUNTARIOS DA PATRIA, 4747, Sao Paulo, SP ; -23.4805206; -46.6322767 
01152; R. VOLUNTARIOS DA PATRIA, 4747, Sao Paulo, SP ; -23.4805206; -46.6322767 
01153; R. CEL. JOSE RUFINO FREIRE, 0, Sao Paulo, SP ; -23.4910513; -46.7509994 
01154; R. CEL. JOSE RUFINO FREIRE, 0, Sao Paulo, SP ; -23.4910513; -46.7509994 
01155; AV. CANDIDO PORTINARI, 0, Sao Paulo, SP ; -23.5078616; -46.7476772 
01156; AV. CANDIDO PORTINARI, 0, Sao Paulo, SP ; -23.5078616; -46.7476772 
01157; AV. IMIRIM, 3764, Sao Paulo, SP ; -23.4791444; -46.662178 
01158; AV. IMIRIM, 3764, Sao Paulo, SP ; -23.4791444; -46.662178 
01159; AV. DEP. EMILIO CARLOS, 0, Sao Paulo, SP ; -23.5035762; -46.6722597 
01160; AV. DEP. EMILIO CARLOS, 0, Sao Paulo, SP ; -23.5035762; -46.6722597 
01161; R. DR. ZUQUIM, 0, Sao Paulo, SP ; -23.5055634; -46.6224764 
01162; AV. EDE, 0, Sao Paulo, SP ; -23.4986056; -46.595203 
01163; AV. EDE, 0, Sao Paulo, SP ; -23.4986056; -46.595203 
01164; AV. PARADA PINTO, 0, Sao Paulo, SP ; -23.4741765; -46.6674447 
01165; AV. PARADA PINTO, 0, Sao Paulo, SP ; -23.4741765; -46.6674447 
01166; R. CONS. MOREIRA DE BARROS, 2826, Sao Paulo, SP ; -23.4830104; -46.6459602 
01167; R. CONS. MOREIRA DE BARROS, 2826, Sao Paulo, SP ; -23.4830104; -46.6459602 
01168; R. DR. CESAR, 0, Sao Paulo, SP ; -23.5027936; -46.6263819 
01169; R. PE SABOIA DE MEDEIROS, 0, Sao Paulo, SP ; -23.5003304; -46.5774781 
01170; R. PE SABOIA DE MEDEIROS, 0, Sao Paulo, SP ; -23.5003304; -46.5774781 
01171; R. JOHN HARRISON, 0, Sao Paulo, SP ; -23.5505199; -46.6333094 
01172; AV. DEP. CANTIDIO SAMPAIO, 0, Sao Paulo, SP ; -23.473874; -46.6701754 
01173; R. CERRO CORA, 1264, Sao Paulo, SP ; -23.538047; -46.7085232 
01174; R. CERRO CORA, 1264, Sao Paulo, SP ; -23.538047; -46.7085232 
01175; AV. ELISIO TEIXEIRA LEITE, 0, Sao Paulo, SP ; -23.4926306; -46.6963164 
01176; AV. ELISIO TEIXEIRA LEITE, 0, Sao Paulo, SP ; -23.4926306; -46.6963164 
01177; R. CEL. MARCILIO FRANCO, 305, Sao Paulo, SP ; -23.4992568; -46.6038177 
01178; R. CEL. MARCILIO FRANCO, 305, Sao Paulo, SP ; -23.4992568; -46.6038177 
01179; AV. NOVA CANTAREIRA, 2534, Sao Paulo, SP ; -23.4757584; -46.6120213 
01180; AV. NOVA CANTAREIRA, 2534, Sao Paulo, SP ; -23.4757584; -46.6120213 
01181; AV. NOVA CANTAREIRA, 3541, Sao Paulo, SP ; -23.469927; -46.6171686 
01182; AV. NOVA CANTAREIRA, 3541, Sao Paulo, SP ; -23.469927; -46.6171686 
01183; AV. RAIMUNDO P. MAGALHAES, 0, Sao Paulo, SP ; -23.520372; -46.711487 
01184; AV. RAIMUNDO P. MAGALHAES, 0, Sao Paulo, SP ; -23.520372; -46.711487 
01185; AV. CLAVASIO ALVES DA SILVA, 0, Sao Paulo, SP ; -23.5036423; -46.678456 
01186; AV. CLAVASIO ALVES DA SILVA, 0, Sao Paulo, SP ; -23.5036423; -46.678456 
01187; AV. DEP. CANTIDIO SAMPAIO, 0, Sao Paulo, SP ; -23.473874; -46.6701754 
01188; R. MARIA AMALIA L.DE AZEVEDO, 0, Sao Paulo, SP ; -23.460006; -46.6236561 
01189; R. MARIA AMALIA L.DE AZEVEDO, 0, Sao Paulo, SP ; -23.460006; -46.6236561 
01190; R. CARDOSO DE ALMEIDA, 0, Sao Paulo, SP ; -23.531854; -46.6639005 
01501; R. JOSE PAULINO, 400, Sao Paulo, SP ; -23.530725; -46.639157 
01502; R. RIBEIRO DE LIMA, 486, Sao Paulo, SP ; -23.5311839; -46.6374735 
01503; R. PAULA SOUSA, 193, Sao Paulo, SP ; -23.5381863; -46.6311536 
01504; R. PEDROSO, 258, Sao Paulo, SP ; -23.5623353; -46.6413691 
01505; RUA DA GLORIA, 200, Sao Paulo, SP ; -23.5558342; -46.6340945 
01506; R. TREZE DE MAIO, 1854, Sao Paulo, SP ; -23.569433; -46.6439905 
01507; AL. BARAO DE LIMEIRA, 937, Sao Paulo, SP ; -23.5335099; -46.6484689 
01508; AL. JOAQUIM EUGENIO DE LIMA, 279, Sao Paulo, SP ; -23.5646397; -46.6493519 
01509; R. GALVAO BUENO, 31, Sao Paulo, SP ; -23.455126; -46.7491353 
01510; AV. BRIG. LUIS ANTONIO, 1619, Sao Paulo, SP ; -23.5628188; -46.6453563 
01511; AV DUQUE DE CAXIAS, 212, Sao Paulo, SP ; -23.5370108; -46.6433005 
01512; R CARLOS DE SOUSA NAZARE, 180, Sao Paulo, SP ; -23.5406378; -46.6324591 
01513; R MATIAS AIRES, 414, Sao Paulo, SP ; -23.5536997; -46.6595607 
01514; R CONS CRISPINIANO, 387, Sao Paulo, SP ; -23.54405; -46.6383315 
01515; R FREI CANECA, 425, Sao Paulo, SP ; -23.5529434; -46.6515264 
01516; R BRIG TOBIAS, 541, Sao Paulo, SP ; -23.538299; -46.6347339 
01517; R VENCESLAU BRAS, 66, Sao Paulo, SP ; -23.5495229; -46.6325283 
01518; R. STA IFIGENIA, 175, Sao Paulo, SP ; -23.5402013; -46.6380087 
01519; AV. HIGIENOPOLIS, 195, Sao Paulo, SP ; -23.5446657; -46.6539811 
01520; R SERGIPE, 446, Sao Paulo, SP ; -23.5477843; -46.6579069 
01521; R. HADDOCK LOBO, 403, Sao Paulo, SP ; -23.5567269; -46.6603951 
01522; R DONA VERIDIANA, 322, Sao Paulo, SP ; -23.5422973; -46.6512704 
01523; AV SEN. QUEIROS, 396, Sao Paulo, SP ; -23.539643; -46.632406 
01524; PCA DA REPUBLICA, 287, Sao Paulo, SP ; -23.5434356; -46.644019 
01525; PCA PRINCESA ISABEL, 68, Sao Paulo, SP ; -23.5363267; -46.6438252 
01526; PCA PRINCESA ISABEL, 68, Sao Paulo, SP ; -23.5363267; -46.6438252 
01527; R. DA CONSOLACAO, 913, Sao Paulo, SP ; -23.5483105; -46.6495156 
01528; R. DA CONSOLACAO, 913, Sao Paulo, SP ; -23.5483105; -46.6495156 
01529; AV. PRESTES MAIA, 913, Sao Paulo, SP ; -23.537153; -46.6337415 
01530; AV. NOVE DE JULHO, 1270, Sao Paulo, SP ; -23.5544002; -46.6486989 
01531; AV. SAO JOAO, 2139, Sao Paulo, SP ; -23.5355463; -46.6526183 
01532; AV. SAO JOAO, 2139, Sao Paulo, SP ; -23.5355463; -46.6526183 
01533; R. DA CONSOLACAO, 1272, Sao Paulo, SP ; -23.549203; -46.6531665 
01534; R. DA CONSOLACAO, 1272, Sao Paulo, SP ; -23.549203; -46.6531665 
01601; R. HENRIQUE SCHAUMANN, 517, Sao Paulo, SP ; -23.5604801; -46.6807544 
01603; R. ESTADOS UNIDOS, 701, Sao Paulo, SP ; -23.5718178; -46.6631012 
01604; AL. GABRIEL MONTEIRO DA SILVA, 2453, Sao Paulo, SP ; -23.5759222; -46.6901062 
01605; R. BELA CINTRA, 1600, Sao Paulo, SP ; -23.5594916; -46.6652833 
01606; AL. SANTOS, 2511, Sao Paulo, SP ; -23.5568425; -46.6636805 
01607; R. DOS PINHEIROS, 351, Sao Paulo, SP ; -23.5651413; -46.6816078 
01609; R. ARTUR DE AZEVEDO, 1920, Sao Paulo, SP ; -23.5668775; -46.6888837 
01610; AV. BRASIL, 126, Sao Paulo, SP ; -23.5781441; -46.6623896 
01611; R. ESTADOS UNIDOS, 1454, Sao Paulo, SP ; -23.5670852; -46.6683726 
01612; R. JOAQUIM FLORIANO, 72, Sao Paulo, SP ; -23.5834532; -46.6708246 
01613; AL. FRANCA, 446, Sao Paulo, SP ; -23.5656847; -46.6588818 
01614; R. PAMPLONA, 1461, Sao Paulo, SP ; -23.5694306; -46.6591711 
01615; AV. PEDROSO DE MORAIS, 657, Sao Paulo, SP ; -23.5643638; -46.6910407 
01616; AL. SANTOS, 1317, Sao Paulo, SP ; -23.5644737; -46.6550734 
01617; R. TUTOIA, 1157, Sao Paulo, SP ; -23.5806231; -46.6501807 
01618; R. CUBATAO, 131, Sao Paulo, SP ; -23.5734548; -46.6447205 
01619; R. TEIXEIRA DA SILVA, 204, Sao Paulo, SP ; -23.5697796; -46.6467677 
01620; R. DR. RAFAEL DE BARROS, 639, Sao Paulo, SP ; -23.5741634; -46.6502898 
01621; ALAMEDA JAU, 161, Sao Paulo, SP ; -23.5686686; -46.6520087 
01622; R. AFONSO DE FREITAS, 303, Sao Paulo, SP ; -23.5754888; -46.6447937 
01624; R. TABAPUA, 830, Sao Paulo, SP ; -23.5838457; -46.6786721 
01625; R. AUGUSTA, 1806, Sao Paulo, SP ; -23.5584947; -46.6607764 
01626; R. AUGUSTA, 1771, Sao Paulo, SP ; -23.5587333; -46.6604347 
01628; AV. CIDADE JARDIM, 655, Sao Paulo, SP ; -23.5826724; -46.6856468 
01629; AV. NOVE DE JULHO, 3117, Sao Paulo, SP ; -23.5675538; -46.6593687 
01630; AV. NOVE DE JULHO, 3117, Sao Paulo, SP ; -23.5675538; -46.6593687 
01631; R. TEODORO SAMPAIO, 1316, Sao Paulo, SP ; -23.5603722; -46.68217 
01632; R. OSCAR FREIRE, 676, Sao Paulo, SP ; -23.5644051; -46.6674031 
03000; AVENIDA PAULO VI, 0, Sao Paulo, SP ; -23.5521173; -46.6784213 
03001; AVENIDA PAULO VI, 0, Sao Paulo, SP ; -23.5521173; -46.6784213 
03002; AVENIDA PADRE PEREIRA DE ANDRADE, 500, Sao Paulo, SP ; -23.5414345; -46.7194469 
03003; AVENIDA PADRE PEREIRA DE ANDRADE, 519, Sao Paulo, SP ; -23.5415245; -46.7191131 
03004; AV. ANTARTICA, 0, Sao Paulo, SP ; -23.5285655; -46.6756003 
03005; AVENIDA MUTINGA, 0, Sao Paulo, SP ; -23.5012655; -46.7553287 
03006; AVENIDA MUTINGA, 0, Sao Paulo, SP ; -23.5012655; -46.7553287 
03007; AVENIDA SANTA INES, 3.200, Sao Paulo, SP ; -23.456645; -46.6490756 
03008; AVENIDA SANTA INES, 3.200, Sao Paulo, SP ; -23.456645; -46.6490756 
03010; AV. MARQUES DE SAO VICENTE, 2357, Sao Paulo, SP ; -23.5170135; -46.6837515 
03011; AV. BRAS LEME, 0, Sao Paulo, SP ; -23.5151808; -46.6536737 
03012; AV. BRAS LEME, 0, Sao Paulo, SP ; -23.5151808; -46.6536737 
03013; AVENIDA POMPEIA, 0, Sao Paulo, SP ; -23.5255867; -46.6817788 
03014; AVENIDA POMPEIA, 0, Sao Paulo, SP ; -23.5255867; -46.6817788 
03015; AV. NOVA CANTAREIRA, 0, Sao Paulo, SP ; -23.4889551; -46.6240584 
03016; AVENIDA NOVA CANTAREIRA, 0, Sao Paulo, SP ; -23.4889551; -46.6240584 
03019; AV MARQUES DE SAO VICENTE, 2357, Sao Paulo, SP ; -23.5170135; -46.6837515 
03020; AVENIDA MARQUES DE SAO VICENTE, 2650, Sao Paulo, SP ; -23.5165946; -46.6840442 
03021; AV. MARQUES DE SAO VICENTE, 2650, Sao Paulo, SP ; -23.5165946; -46.6840442 
03022; AV. OLAVO FONTOURA, 0, Sao Paulo, SP ; -23.5140008; -46.6303874 
03023; AVENIDA GASTAO VIDIGAL, 0, Sao Paulo, SP ; -23.5221573; -46.7413545 
03024; AVENIDA GASTAO VIDIGAL, 0, Sao Paulo, SP ; -23.5221573; -46.7413545 
03025; AVENIDA LUIS DUMONT VILLARES, 0, Sao Paulo, SP ; -23.5014157; -46.615276 
03026; AVENIDA LUIS DUMONT VILLARES, 0, Sao Paulo, SP ; -23.5014157; -46.615276 
03027; AV. ENG. CAETANO ALVARES, 0, Sao Paulo, SP ; -23.5137339; -46.6706418 
03028; AV. ENG. CAETANO ALVARES, 0, Sao Paulo, SP ; -23.5137339; -46.6706418 
03029; AVENIDA FRANCISCO MATARAZZO, 524, Sao Paulo, SP ; -23.5294552; -46.6680785 
03030; AV. FRANCISCO MATARAZZO, 524, Sao Paulo, SP ; -23.5294552; -46.6680785 
03031; AVENIDA FRANCISCO MATARAZZO, 455, Sao Paulo, SP ; -23.5300126; -46.6673618 
03032; AV. FRANCISCO MATARAZZO, 455, Sao Paulo, SP ; -23.5300126; -46.6673618 
03033; AV. GENERAL ATALIBA LEONEL, 0, Sao Paulo, SP ; -23.5082143; -46.6261884 
03034; AV GENERAL ATALIBA LEONEL, 0, Sao Paulo, SP ; -23.5082143; -46.6261884 
03035; AVENIDA FUAD LUTFALLA, 0, Sao Paulo, SP ; -23.48918; -46.7101747 
03036; AV. FUAD LUTFALLA, 0, Sao Paulo, SP ; -23.48918; -46.7101747 
03037; AV LUIZ DUMOND VILLARES, 0, Sao Paulo, SP ; -23.5014157; -46.615276 
03038; AV. PAULA FERREIRA, 0, Sao Paulo, SP ; -23.5015639; -46.6994395 
03039; AV. PAULA FERREIRA, 0, Sao Paulo, SP ; -23.5015639; -46.6994395 
03040; AV. ANTONIO BATUIRA, 0, Sao Paulo, SP ; -23.5589205; -46.7063794 
03041; AV RAIMUNDO P. DE MAGALHAES, 0, Sao Paulo, SP ; -23.520372; -46.711487 
03042; AV RAIMUNDO P DE MAGALHAES, 0, Sao Paulo, SP ; -23.520372; -46.711487 
03047; AV. FRANCISCO MATARAZZO, 1500, Sao Paulo, SP ; -23.5258109; -46.6768803 
03048; AV. FRANCISCO MATARAZZO, 1500, Sao Paulo, SP ; -23.5258109; -46.6768803 
03050; AV. NADIR DIAS DE FIGUEIREDO, 0, Sao Paulo, SP ; -23.5165802; -46.5952224 
03051; AV. NADIR DIAS DE FIGUEIREDO, 0, Sao Paulo, SP ; -23.5165802; -46.5952224 
03052; AV. BRAS LEME, 0, Sao Paulo, SP ; -23.5151808; -46.6536737 
03053; AV. PACAEMBU, 0, Sao Paulo, SP ; -23.5320485; -46.6612302 
03054; AV. PACAEMBU, 0, Sao Paulo, SP ; -23.5320485; -46.6612302 
03055; AV. CRUZEIRO DO SUL, 0, Sao Paulo, SP ; -23.532586; -46.62523 
03056; AV. CRUZEIRO DO SUL, 0, Sao Paulo, SP ; -23.532586; -46.62523 
03057; AV. ZAKI NARCHI, 0, Sao Paulo, SP ; -23.511574; -46.6248966 
03058; AV. ZAKI NARCHI, 0, Sao Paulo, SP ; -23.511574; -46.6248966 
03059; RUA MONTE PASCAL, 0, Sao Paulo, SP ; -23.5212678; -46.7193529 
03060; RUA MONTE PASCAL, 0, Sao Paulo, SP ; -23.5212678; -46.7193529 
03061; AV. ERMANO MARCHETTI, 0, Sao Paulo, SP ; -23.5138014; -46.7023128 
03062; AV. ERMANO MARCHETTI, 0, Sao Paulo, SP ; -23.5138014; -46.7023128 
03063; AV. ERMANO MARCHETTI, 0, Sao Paulo, SP ; -23.5138014; -46.7023128 
03064; AV. ERMANO MARCHETTI, 0, Sao Paulo, SP ; -23.5138014; -46.7023128 
03065; AV. QUEIROZ FILHO, 0, Sao Paulo, SP ; -23.5366651; -46.7195607 
03066; AV. QUEIROZ FILHO, 0, Sao Paulo, SP ; -23.5366651; -46.7195607 
03067; RUA NORMA PIERUCCINI GIANNOTTI, 0, Sao Paulo, SP ; -23.522971; -46.6507817 
03068; R. NORMA PIERUCCINI GIANNOTTI, 0, Sao Paulo, SP ; -23.522971; -46.6507817 
03069; RUA NORMA PIERUCCINI GIANNOTTI, 0, Sao Paulo, SP ; -23.522971; -46.6507817 
03071; AV. RUDGE, 0, Sao Paulo, SP ; -23.5273439; -46.6478727 
03072; AV. RUDGE, 0, Sao Paulo, SP ; -23.5273439; -46.6478727 
03073; R.DESEMBARGADOR PAULO PASSALAQUA APOSPCA HELENA SGARBI , 0, Sao Paulo, SP ; -23.5505199; -46.6333094 
03074; RUA CURUCA, 0, Sao Paulo, SP ; -23.5100633; -46.5948407 
03075; AV. ERMANO MARCHETTI, 0, Sao Paulo, SP ; -23.5138014; -46.7023128 
03076; AV. ERMANO MARCHETTI, 0, Sao Paulo, SP ; -23.5138014; -46.7023128 
03077; AV. ERMANO MARCHETTI, 0, Sao Paulo, SP ; -23.5138014; -46.7023128 
03078; AV. ERMANO MARCHETTI, 0, Sao Paulo, SP ; -23.5138014; -46.7023128 
03079; AV. INAJAR DE SOUZA, 0, Sao Paulo, SP ; -23.5049614; -46.6885468 
03080; AV. INAJAR DE SOUZA, 2, Sao Paulo, SP ; -23.5049614; -46.6885468 
03081; AV. INAJAR DE SOUZA, 0, Sao Paulo, SP ; -23.5049614; -46.6885468 
03082; AV. INAJAR DE SOUZA, 0, Sao Paulo, SP ; -23.5049614; -46.6885468 
03083; AV. INAJAR DE SOUZA, 0, Sao Paulo, SP ; -23.5049614; -46.6885468 
03084; AV.RAIMUNDO PEREIRA DE MAGALHAES, 0, Sao Paulo, SP ; -23.520372; -46.711487 
03085; AV.RAIMUNDO PEREIRA DE MAGALHAES, 0, Sao Paulo, SP ; -23.520372; -46.711487 
03086; AV.RAIMUNDO PEREIRA DE MAGALHAES, 0, Sao Paulo, SP ; -23.520372; -46.711487 
03087; AV. ANTARTICA, 5, Sao Paulo, SP ; -23.5217612; -46.6679548 
03088; AV. GEN. EDGAR FACO, 1179, Sao Paulo, SP ; -23.4960288; -46.7081905 
03089; AV. GEN. EDGAR FACO, 1179, Sao Paulo, SP ; -23.4960288; -46.7081905 
03090; AV GEN EDGAR FACO, 0, Sao Paulo, SP ; -23.4986333; -46.7070233 
03091; AV. GEN. EDGAR FACO, 0, Sao Paulo, SP ; -23.4986333; -46.7070233 
03092; AV. GASTAO VIDIGAL, 4, Sao Paulo, SP ; -23.5592285; -46.3700818 
03093; AV. OLAVO FONTOURA, 1400, Sao Paulo, SP ; -23.5143142; -46.637479 
03094; ESTRADA TURISTICA DO JARAGUA, 0, Sao Paulo, SP ; -23.4631207; -46.7534069 
03095; ESTRADA TURISTICA DO JARAGUA, 0, Sao Paulo, SP ; -23.4631207; -46.7534069 
03187; AVENIDA GUILHERME COTCHINGRUA ALCANTARA , 0, Sao Paulo, SP ; -23.5505199; -46.6333094 
03192; AV. SUMARER DR HOMEM DE MELO , 0, Sao Paulo, SP ; -23.5505199; -46.6333094 
03193; AV. SUMARER. VANDERLEI , 0, Sao Paulo, SP ; -23.5505199; -46.6333094 
03194; AV. GUILHERME COTCHINGR. ALCANTARA , 0, Sao Paulo, SP ; -23.5505199; -46.6333094 
03195; AV. DIOGENES RIBEIRO DE LIMAR. DA. ELISA DE M.MENDES , 0, Sao Paulo, SP ; -23.5505199; -46.6333094 
03196; R.TURIASSUAV. POMPEIA , 0, Sao Paulo, SP ; -23.5263031; -46.6823779 
03197; R. TURIASSUAV. POMPEIA , 0, Sao Paulo, SP ; -23.5263031; -46.6823779 
03198; R. GUAICURUSR. CATAO, 0, Sao Paulo, SP ; -23.5231751; -46.6872616 
03200; AV. INDIANOPOLIS, 0, Sao Paulo, SP ; -23.6007391; -46.6579328 
03201; R SENA MADUREIRA, 0, Sao Paulo, SP ; -23.5922474; -46.636766 
03202; AVENIDA DO ESTADO, 0, Sao Paulo, SP ; -23.5422409; -46.6288909 
03203; AV. RUBEM BERTA, 6, Sao Paulo, SP ; -23.6004322; -46.6511423 
03204; AVENIDA MOREIRA GUIMARAES, 0, Sao Paulo, SP ; -23.607613; -46.6528343 
03205; AVENIDA IBIRAPUERA, 1.777, Sao Paulo, SP ; -23.6007639; -46.6592333 
03206; AV. IBIRAPUERA, 1777, Sao Paulo, SP ; -23.6007639; -46.6592333 
03207; AVENIDA IBIRAPUERA, 3.170, Sao Paulo, SP ; -23.6100228; -46.6684306 
03208; AV. IBIRAPUERA, 3170, Sao Paulo, SP ; -23.6100228; -46.6684306 
03209; AVENIDA IBIRAPUERA, 3.398, Sao Paulo, SP ; -23.6112103; -46.6695306 
03210; AV. IBIRAPUERA, 3398, Sao Paulo, SP ; -23.6112103; -46.6695306 
03211; AV. CORIFEU DE AZEVEDO MARQUES, 0, Sao Paulo, SP ; -23.5691891; -46.7153776 
03212; AV. CORIFEU DE AZEVEDO MARQUES, 0, Sao Paulo, SP ; -23.5691891; -46.7153776 
03213; AV. PROF. FRANCISCO MORATO, 0, Sao Paulo, SP ; -23.5727711; -46.7048985 
03214; AV. PROF. FRANCISCO MORATO, 0, Sao Paulo, SP ; -23.5727711; -46.7048985 
03215; AV. GIOVANNI GRONCHI, 0, Sao Paulo, SP ; -23.5990896; -46.7085468 
03216; AV. GIOVANNI GRONCHI, 0, Sao Paulo, SP ; -23.5990896; -46.7085468 
03217; AV PROF FRANCISCO MORATO, 0, Sao Paulo, SP ; -23.5727711; -46.7048985 
03218; AV PROF FRANCISCO MORATO, 0, Sao Paulo, SP ; -23.5727711; -46.7048985 
03219; AVENIDA WASHINGTON LUIS, 0, Sao Paulo, SP ; -23.6614682; -46.7052342 
03220; AVENIDA WASHINGTON LUIS, 0, Sao Paulo, SP ; -23.6614682; -46.7052342 
03221; AV PRES TANCREDO NEVES, 0, Sao Paulo, SP ; -23.6057279; -46.6049779 
03222; AV PRES TANCREDO NEVES, 0, Sao Paulo, SP ; -23.6057279; -46.6049779 
03223; AVENIDA INTERLAGOS, 4400, Sao Paulo, SP ; -23.6880913; -46.6967519 
03225; ESTRADA DO M BOI MIRIM, 0, Sao Paulo, SP ; -23.668636; -46.733684 
03226; ESTRADA DO M BOI MIRIM, 0, Sao Paulo, SP ; -23.668636; -46.733684 
03227; ESTRADA DO M BOI MIRIM, 0, Sao Paulo, SP ; -23.668636; -46.733684 
03228; ESTRADA DO M BOI MIRIM, 0, Sao Paulo, SP ; -23.668636; -46.733684 
03229; RUA SAO RAIMUNDO, 2300, Sao Paulo, SP ; -23.6100064; -46.5603888 
03230; AV VINTE E TRES DE MAIO, 1, Sao Paulo, SP ; -23.4351719; -46.5722121 
03231; AV VINTE E TRES DE MAIO, 3, Sao Paulo, SP ; -23.5831506; -46.6523401 
03234; ESTRADA DO M BOI MIRIM, 1457, Sao Paulo, SP ; -23.720021; -46.7852512 
03235; AVENIDA INDIANOPOLIS, 0, Sao Paulo, SP ; -23.6007391; -46.6579328 
03236; RUA SENA MADUREIRA, 1355, Sao Paulo, SP ; -23.592675; -46.6482491 
03237; AV. VINTE E TRES DE MAIO, 1, Sao Paulo, SP ; -23.4351719; -46.5722121 
03238; AV. VINTE E TRES DE MAIO, 3, Sao Paulo, SP ; -23.5831506; -46.6523401 
03239; AVENIDA DO ESTADO, 0, Sao Paulo, SP ; -23.5422409; -46.6288909 
03240; AV. MOREIRA GUIMARAES, 0, Sao Paulo, SP ; -23.607613; -46.6528343 
03241; AV. WASHINGTON LUIS, 0, Sao Paulo, SP ; -23.6614682; -46.7052342 
03242; AV. ENG. ARMANDO DE ARRUDA PEREIRA, 0, Sao Paulo, SP ; -23.6758746; -46.6290694 
03243; AV. ENG. ARMANDO DE ARRUDA PEREIRA, 0, Sao Paulo, SP ; -23.6758746; -46.6290694 
03244; AV. MOREIRA GUIMARAES, 5, Sao Paulo, SP ; -23.6064722; -46.6514333 
03245; AVENIDA GUARAPIRANGA, 1389, Sao Paulo, SP ; -23.6813459; -46.7351392 
03246; AV. GUARAPIRANGA, 0, Sao Paulo, SP ; -23.6687156; -46.7334505 
03247; ESTR DO M BOI MIRIM, 4873, Sao Paulo, SP ; -23.6883517; -46.7722079 
03391; AVENIDA DO ESTADOPCA ALBERTO LION , 0, Sao Paulo, SP ; -23.5505199; -46.6333094 
03393; AVENIDA DONA BELMIRA MARINR. DR.OSCAR ANDRADE LEMOS , 0, Sao Paulo, SP ; -23.5505199; -46.6333094 
03394; AV. CORIFEU DE AZEVEDO MARQUESAV.ESCOLA POLITECNICA , 0, Sao Paulo, SP ; -23.5505199; -46.6333094 
03395; AV. DO ESTADOPCA ALBERTO LION , 0, Sao Paulo, SP ; -23.5505199; -46.6333094 
03396; R. PEDRO DE TOLEDOR.NAPOLEAO DE BARROS , 0, Sao Paulo, SP ; -23.5505199; -46.6333094 
03397; AV. DONA BELMIRA MARINR. DR.OSCAR ANDRADE LEMOS , 0, Sao Paulo, SP ; -23.5505199; -46.6333094 
03398; R. VERGUEIROR DR NICOLAU DE S QUEIROS , 0, Sao Paulo, SP ; -22.5803082; -47.4185337 
03399; R. VERGUEIROAV. PROF NOE DE AZEVEDO , 0, Sao Paulo, SP ; -23.5505199; -46.6333094 
03400; MARGINAL TIETE, 0, Sao Paulo, SP ; -23.5299096; -46.7504779 
03401; AV DOS BANDEIRANTES, 1, Sao Paulo, SP ; -23.6057831; -46.6791878 
03403; MARGINAL DO RIO PINHEIROS, 0, Sao Paulo, SP ; -23.554297; -46.7188957 
03404; AV. AFONSO D ESCRAGNOLE TAUNAY, 0, Sao Paulo, SP ; -23.6294696; -46.6389741 
03406; MARG DO RIO PINHEIROS, 0, Sao Paulo, SP ; -23.5505199; -46.6333094 
03407; MARG DO RIO PINHEIROS, 0, Sao Paulo, SP ; -23.5505199; -46.6333094 
03409; AV. DAS NACOES UNIDAS, 7203, Sao Paulo, SP ; -23.6791576; -46.6961099 
03410; AV DOS BANDEIRANTES, 0, Sao Paulo, SP ; -23.5985041; -46.6878312 
03411; MARG. PINHEIROS, 0, Sao Paulo, SP ; -23.5733908; -46.7007661 
03415; MARG. TIETE, 0, Sao Paulo, SP ; -23.5299096; -46.7504779 
03416; AV DOS BANDEIRANTES, 4, Sao Paulo, SP ; -23.5984952; -46.6878502 
03417; MARG. TIETE, 0, Sao Paulo, SP ; -23.5299096; -46.7504779 
03418; MARG. PINHEIROS, 1, Sao Paulo, SP ; -23.5968533; -46.6973581 
03419; MARG. PINHEIROS, 5, Sao Paulo, SP ; -23.5968533; -46.6973581 
03421; MARGINAL TIETE, 0, Sao Paulo, SP ; -23.5299096; -46.7504779 
03422; AV. DOS BANDEIRANTES, 0, Sao Paulo, SP ; -23.5985041; -46.6878312 
03423; AV. OTAVIANO ALVES DE LIMA, 0, Sao Paulo, SP ; -23.5147781; -46.662128 
03424; AV OTAVIANO ALVES DE LIMA, 4, Sao Paulo, SP ; -23.5147781; -46.662128 
03425; MARGINAL TIETE, 0, Sao Paulo, SP ; -23.5299096; -46.7504779 
03426; AV PRES CASTELO BRANCO, 0, Sao Paulo, SP ; -23.5216301; -46.6383924 
03427; AV. PRES. CASTELO BRANCO, 4, Sao Paulo, SP ; -23.5238434; -46.6062467 
03428; MARGINAL TIETE, 0, Sao Paulo, SP ; -23.5299096; -46.7504779 
03429; MARGINAL TIETE, 0, Sao Paulo, SP ; -23.5299096; -46.7504779 
03431; MARGINAL TIETE, 0, Sao Paulo, SP ; -23.5299096; -46.7504779 
03432; MARGINAL TIETE, 0, Sao Paulo, SP ; -23.5299096; -46.7504779 
03433; MARGINAL TIETE, 0, Sao Paulo, SP ; -23.5299096; -46.7504779 
03434; MARGINAL DO RIO PINHEIROS, 0, Sao Paulo, SP ; -23.554297; -46.7188957 
03435; MARGINAL DO RIO PINHEIROS, 0, Sao Paulo, SP ; -23.554297; -46.7188957 
03436; MARG. RIO PINHEIROS, 0, Sao Paulo, SP ; -23.5505199; -46.6333094 
03437; MARGINAL PINHEIROS, 0, Sao Paulo, SP ; -23.5733908; -46.7007661 
03438; MARGINAL PINHEIROS, 1, Sao Paulo, SP ; -23.5968533; -46.6973581 
03439; MARGINAL PINHEIROS, 5, Sao Paulo, SP ; -23.5968533; -46.6973581 
03591; AVENIDA DOS BANDEIRANTESAV.MIRUNA , 0, Sao Paulo, SP ; -23.5505199; -46.6333094 
03593; AVENIDA DAS NACOES UNIDASRUA GURIU , 0, Sao Paulo, SP ; -23.5505199; -46.6333094 
03594; AV. DOS BANDEIRANTESAL DOS MARACATINS , 0, Sao Paulo, SP ; -23.5505199; -46.6333094 
03595; AV. DOS BANDEIRANTESAV.MIRUNA , 0, Sao Paulo, SP ; -23.5505199; -46.6333094 
03596; AV. DOS BANDEIRANTESR.FUNCHAL , 0, Sao Paulo, SP ; -23.5505199; -46.6333094 
03597; AV. DAS NACOES UNIDASR.GURIU , 0, Sao Paulo, SP ; -23.5505199; -46.6333094 
03598; ALAMEDA DOS TUPINIQUINSAV DOS BANDEIRANTES , 0, Sao Paulo, SP ; -23.5505199; -46.6333094 
03599; AV DOS BANDEIRANTES, 0, Sao Paulo, SP ; -23.5985041; -46.6878312 
04200; AV. ALCANTARA MACHADO, 0, Sao Paulo, SP ; -23.5519625; -46.6249602 
04201; AV. ALCANTARA MACHADO, 0, Sao Paulo, SP ; -23.5519625; -46.6249602 
04202; AV. ARICANDUVA, 0, Sao Paulo, SP ; -23.5379234; -46.5459813 
04203; AV. ARICANDUVA, 9291, Sao Paulo, SP ; -23.578359; -46.4960677 
04204; AV. VINTE E TRES DE MAIO, 0, Sao Paulo, SP ; -23.5834995; -46.6524613 
04205; AV. VINTE E TRES DE MAIO, 0, Sao Paulo, SP ; -23.5834995; -46.6524613 
04206; AV EMBAIXADOR MACEDO SOARES, 0, Sao Paulo, SP ; -23.509526; -46.7091748 
04207; AV SENADOR TEOTONIO VILELA, 0, Sao Paulo, SP ; -23.7013273; -46.7014337 
04208; AV SENADOR TEOTONIO VILELA, 0, Sao Paulo, SP ; -23.7013273; -46.7014337 
04209; AV DOUTOR RICARDO JAFET, 0, Sao Paulo, SP ; -23.5773836; -46.6104355 
04210; AV DOUTOR RICARDO JAFET, 0, Sao Paulo, SP ; -23.5773836; -46.6104355 
04211; AV PROFESSOR NOE DE AZEVEDO, 0, Sao Paulo, SP ; -23.5867941; -46.6351982 
04212; RUA VERGUEIRO, 0, Sao Paulo, SP ; -23.5620534; -46.638796 
04213; R MAURICIO F. KLABIN, 0, Sao Paulo, SP ; -23.5932014; -46.6351688 
04214; AV NACOES UNIDAS , 0, Sao Paulo, SP ; -23.6086577; -46.6974167 
04215; PRACA ALBERTO RANGEL SOB PONTE C.UNIVERSITARIA, 0, Sao Paulo, SP ; -23.5505199; -46.6333094 
04216; AV NACOES UNIDAS, 0, Sao Paulo, SP ; -23.6086577; -46.6974167 
04217; AV NACOES UNIDAS, 0, Sao Paulo, SP ; -23.6086577; -46.6974167 
04218; AV NACOES UNIDAS , 0, Sao Paulo, SP ; -23.6086577; -46.6974167 
05000; RUA DA CONSOLACAO, 1245, Sao Paulo, SP ; -23.5495083; -46.6530436 
05001; RUA DA CONSOLACAO A MENOS 70M DO NUMERO 1813 OPOSTO, 0, Sao Paulo, SP ; -23.5505199; -46.6333094 
05002; ELEVADO PR. ARTUR DA COSTA E SILVA A MAIS 60M DO VD CIDADE DE OSAKA, 0, Sao Paulo, SP ; -23.5505199; -46.6333094 
05003; ELEVADO PR. ARTUR DA COSTA E SILVA A MENOS 80M DO VD CIDADE DE OSAKA, 0, Sao Paulo, SP ; -23.5505199; -46.6333094 
05004; ELEVADO PRES ARTUR DA COSTA E SILVA A MENOS 40M DA R DA ASSEMBLEIA, 0, Sao Paulo, SP ; -23.5505199; -46.6333094 
05005; AVENIDA EUSEBIO MATOSO, 632, Sao Paulo, SP ; -23.5715977; -46.6965132 
05006; AV NOVE DE JULHO A MAIS DE 70M DO TUNEL DR DAHER E. CUTAIT, 0, Sao Paulo, SP ; -23.5505199; -46.6333094 
05007; RUA VERGUEIRO, 363, Sao Paulo, SP ; -23.5652939; -46.6392221 
05008; AVENIDA LIBERDADE, 956, Sao Paulo, SP ; -23.5610104; -46.6386038 
05009; AVENIDA LUIZ DUMONT VILLARES, 324, Sao Paulo, SP ; -23.4994371; -46.61363 
05010; AVENIDA LUIZ DUMONT VILLARES, 200, Sao Paulo, SP ; -23.5004395; -46.6143616 
05011; AVENIDA SANTOS DUMONT, 2241, Sao Paulo, SP ; -23.5067598; -46.6278071 
05012; AV SANTOS DUMONT A MENOS 80M DA PASSARELA GAZETA DA Z. NORTE, 0, Sao Paulo, SP ; -23.5505199; -46.6333094 
05013; RUA GUAICURUS, 742, Sao Paulo, SP ; -23.5226411; -46.6928528 
05014; RUA TURIASSU, 1799, Sao Paulo, SP ; -23.5286436; -46.6794206 
05015; AV PAULO VI A MAIS DE 70M DO VD DR JOAO TRANCHESI, 0, Sao Paulo, SP ; -23.5505199; -46.6333094 
05016; AVENIDA ERMANO MARCHETTI, 1023, Sao Paulo, SP ; -23.5146352; -46.7004482 
05017; AVENIDA FRANCISCO MATARAZZO, 979, Sao Paulo, SP ; -23.527489; -46.6721635 
05018; AVENIDA FRANCISCO MATARAZZO, 1350, Sao Paulo, SP ; -23.5262778; -46.6736893 
05020; AVENIDA PACAEMBU, 732, Sao Paulo, SP ; -23.5330544; -46.6615582 
05021; AV SALIM F MALUF, 70, Sao Paulo, SP ; -23.5360244; -46.5829653 
05022; AV VER ABEL FERREIRA A MAIS 60M DA PCA PROF AUGUSTO BAILOT, 0, Sao Paulo, SP ; -23.5505199; -46.6333094 
05023; AV VER ABEL FERREIRA A MENOS 60M DA PCA PROF AUGUSTO BAILOT, 0, Sao Paulo, SP ; -23.5505199; -46.6333094 
05024; RUA MELO FREIRE A MENOS 60M DO VIADUTO PIRES DO RIO, 0, Sao Paulo, SP ; -23.5505199; -46.6333094 
05026; AV DR LUIS AYRES A MAIS 70M DO VD ITINGUCU, 0, Sao Paulo, SP ; -23.5505199; -46.6333094 
05027; AV DR LUIS AYRES A MENOS 70M DO VD ITINGUCU, 0, Sao Paulo, SP ; -23.5505199; -46.6333094 
05029; AV ARICANDUVA A MAIS 110M DA AV AFONSO DE S. E SOUZA , 0, Sao Paulo, SP ; -23.5505199; -46.6333094 
05033; AV IBIRAPUERA A MAIS 60M DA RUA PRESTES JOAO, 0, Sao Paulo, SP ; -23.5505199; -46.6333094 
05034; RUA VERGUEIRO, 2469, Sao Paulo, SP ; -23.5833446; -46.6368975 
05035; RUA VERGUEIRO, 2469, Sao Paulo, SP ; -23.5833446; -46.6368975 
05036; RUA DOMINGOS DE MORAIS, 2786, Sao Paulo, SP ; -23.6007919; -46.636772 
05037; RUA DOMINGOS DE MORAIS, 2777, Sao Paulo, SP ; -23.6006305; -46.636549 
05039; AVENIDA JABAQUARA, 240, Sao Paulo, SP ; -23.6061425; -46.6373971 
05040; AVENIDA JABAQUARA, 2180, Sao Paulo, SP ; -23.6235236; -46.6405069 
05042; AVENIDA RICARDO JAFET, 1900, Sao Paulo, SP ; -23.5917788; -46.6209298 
05043; AVENIDA RICARDO JAFET, 2017, Sao Paulo, SP ; -23.5945081; -46.6207095 
05044; AVENIDA NAZARE, 1177, Sao Paulo, SP ; -23.5944718; -46.609933 
05045; AV DOM PEDRO I, 566, Sao Paulo, SP ; -23.5703321; -46.6114455 
05046; AV DOM PEDRO I, 385, Sao Paulo, SP ; -23.5686534; -46.6111033 
05047; AV CARLOS CALDEIRA A MENOS 110M DA R ROGERIO DE PAULA BRITO, 0, Sao Paulo, SP ; -23.5505199; -46.6333094 
05048; AVENIDA PROFESSOR FRANCISCO MORATO, 2300, Sao Paulo, SP ; -23.5851349; -46.7205665 
05049; AVENIDA PROFESSOR FRANCISCO MORATO, 2077, Sao Paulo, SP ; -23.5848935; -46.7187118 
05052; AVENIDA WASHINGTON LUIS, 5995, Sao Paulo, SP ; -23.6290122; -46.6656733 
05053; AVENIDA WASHINGTON LUIS, 6809, Sao Paulo, SP ; -23.6242312; -46.6617759 
05054; AVENIDA WASHINGTON LUIS, 6675, Sao Paulo, SP ; -23.6253757; -46.6620121 
05056; AV PROF VICENTE RAO, 429, Sao Paulo, SP ; -23.6289332; -46.6846592 
05057; AV PRES CASTELO BRANCO A MAIS 70M DA PONTE DAS BANDEIRAS, 0, Sao Paulo, SP ; -23.5505199; -46.6333094 
05058; AV MARG TIETE, 70, Sao Paulo, SP ; -23.5304033; -46.7504314 
05059; AV ASSIS CHATEAUBRIAND PTA LOCAL A MENOS 70M DA PT DAS BANDEIRAS, 0, Sao Paulo, SP ; -23.5505199; -46.6333094 
05060; AV MARG TIETE, 70, Sao Paulo, SP ; -23.5304033; -46.7504314 
05061; AV MARG PINHEIROS A MENOS 70M DA PTE ENG ROBERTO R ZUCCOLO, 0, Sao Paulo, SP ; -23.5505199; -46.6333094 
05062; R SAO BONIFACIO A MAIS 70M DA PTE ENG ROBERTO R ZUCCOLO, 0, Sao Paulo, SP ; -23.5505199; -46.6333094 
05063; AVENIDA DOS BANDEIRANTES, 2845, Sao Paulo, SP ; -23.6118148; -46.6730586 
05064; AVENIDA DOS BANDEIRANTES, 3000, Sao Paulo, SP ; -23.6155918; -46.6673162 
06000; R. NOVA BRASILIA, 0, Sao Paulo, SP ; -23.5957272; -46.5059831 
06001; R. NOVA BRASILIA, 0, Sao Paulo, SP ; -23.5957272; -46.5059831 
06002; RUA ANA CLARA, 0, Sao Paulo, SP ; -23.6096403; -46.5328763 
06003; AV ENG HEITOR ANTONIO EIRAS GARCIA, 0, Sao Paulo, SP ; -23.5740407; -46.735779 
06004; AV ENG HEITOR ANTONIO EIRAS GARCIA, 0, Sao Paulo, SP ; -23.5740407; -46.735779 
06005; R. CEL. DIOGO, 0, Sao Paulo, SP ; -23.5783452; -46.6279529 
06006; R. CEL. DIOGO, 0, Sao Paulo, SP ; -23.5783452; -46.6279529 
06007; AV. SADAMU INOUE, 2666, Sao Paulo, SP ; -23.7933184; -46.7293909 
06008; AV. SADAMU INOUE, 2666, Sao Paulo, SP ; -23.7933184; -46.7293909 
06009; AV. SADAMU INOUE, 6291, Sao Paulo, SP ; -23.8247379; -46.7342638 
06010; AV. SADAMU INOUE, 6291, Sao Paulo, SP ; -23.8247379; -46.7342638 
06011; AV. SAPOPEMBA, 0, Sao Paulo, SP ; -23.5580686; -46.5773667 
06012; AV. SAPOPEMBA, 0, Sao Paulo, SP ; -23.5580686; -46.5773667 
06013; R. HENRIQUE SAM MINDLIN , 0, Sao Paulo, SP ; -23.6783599; -46.7767223 
06014; R. HENRIQUE SAM MINDLIN , 0, Sao Paulo, SP ; -23.6783599; -46.7767223 
06015; AV. FRANCISCO DE PAULA Q. RIBEIRO , 0, Sao Paulo, SP ; -23.647247; -46.640899 
06016; AV. FRANCISCO DE PAULA Q. RIBEIRO , 0, Sao Paulo, SP ; -23.647247; -46.640899 
06017; AV. DO CURSINO, 6319, Sao Paulo, SP ; -23.6554709; -46.6139829 
06018; AV. DO CURSINO, 6319, Sao Paulo, SP ; -23.6554709; -46.6139829 
06019; ESTRADA DO M BOI MIRIM, 6880, Sao Paulo, SP ; -23.7011661; -46.7816799 
06020; ESTRADA DO M BOI MIRIM, 6880, Sao Paulo, SP ; -23.7011661; -46.7816799 
06021; AV. IV CENTENARIO, 0, Sao Paulo, SP ; -23.044608; -47.8413425 
06022; AV. IV CENTENARIO, 0, Sao Paulo, SP ; -23.044608; -47.8413425 
06023; R. PADRE ARLINDO VIEIRA , 0, Sao Paulo, SP ; -23.6224333; -46.6018546 
06024; R. PADRE ARLINDO VIEIRA , 0, Sao Paulo, SP ; -23.6224333; -46.6018546 
06025; AV. ANGELO CRISTIANINI , 0, Sao Paulo, SP ; -23.6813151; -46.6382651 
06026; AV. ANGELO CRISTIANINI , 0, Sao Paulo, SP ; -23.6813151; -46.6382651 
06027; AV. DO ORATORIO , 0, Sao Paulo, SP ; -23.5828436; -46.5628498 
06028; AV. DO ORATORIO , 0, Sao Paulo, SP ; -23.5828436; -46.5628498 
06029; AV. VILA EMA , 0, Sao Paulo, SP ; -23.5776414; -46.5759031 
06030; AV. VILA EMA , 0, Sao Paulo, SP ; -23.5776414; -46.5759031 
06031; RUA DOM VILARES , 0, Sao Paulo, SP ; -23.6261881; -46.6191252 
06032; RUA DOM VILARES , 0, Sao Paulo, SP ; -23.6261881; -46.6191252 
06033; AV. PEDRO BUENO , 0, Sao Paulo, SP ; -23.6315234; -46.6467451 
06034; AV. PEDRO BUENO , 0, Sao Paulo, SP ; -23.6315234; -46.6467451 
06035; R. DR. FRANCISCO THOMAZ DE CARVALHO, 0, Sao Paulo, SP ; -23.6955973; -46.7552603 
06036; R. DR. FRANCISCO THOMAZ DE CARVALHO, 0, Sao Paulo, SP ; -23.6955973; -46.7552603 
06037; RUA VERGUEIRO , 0, Sao Paulo, SP ; -23.5620534; -46.638796 
06038; R. VERGUEIRO , 0, Sao Paulo, SP ; -23.5620534; -46.638796 
06039; RUA SOLIDONIO LEITE , 0, Sao Paulo, SP ; -23.5777083; -46.5574595 
06040; R. SOLIDONIO LEITE , 0, Sao Paulo, SP ; -23.5777083; -46.5574595 
06041; R. NOSSA SENHORA DA SAUDE, 0, Sao Paulo, SP ; -23.6228735; -46.6201318 
06042; R. NOSSA SENHORA DA SAUDE, 0, Sao Paulo, SP ; -23.6228735; -46.6201318 
06043; AV. ENG. OSCAR AMERICANO, 0, Sao Paulo, SP ; -23.5863933; -46.6983492 
06044; AV. INTERLAGOS, 7.228, Sao Paulo, SP ; -23.7091519; -46.7031925 
06045; AV. INTERLAGOS, 7.228, Sao Paulo, SP ; -23.7091519; -46.7031925 
06046; AV. SENADOR TEOTONIO VILELA, 0, Sao Paulo, SP ; -23.7013273; -46.7014337 
06047; AV. PROF. FRANCISCO MORATO, 4.498, Sao Paulo, SP ; -23.5952496; -46.738869 
06048; AV. DR. GENTIL DE MOURA, 0, Sao Paulo, SP ; -23.6026223; -46.6148522 
06049; AV. DONA BELMIRA MARIN, 0, Sao Paulo, SP ; -23.7332576; -46.6982356 
06050; AV. DONA BELMIRA MARIN, 0, Sao Paulo, SP ; -23.7332576; -46.6982356 
06051; AV. ZELINA, 0, Sao Paulo, SP ; -23.5895172; -46.5787291 
06052; AV. ZELINA, 0, Sao Paulo, SP ; -23.5895172; -46.5787291 
06053; R. FRANCISCO REBELO, 0, Sao Paulo, SP ; -23.6017981; -46.5568219 
06054; R. OLIVIA GUEDES PENTEADO, 0, Sao Paulo, SP ; -23.6676656; -46.7131865 
06055; R. OLIVIA GUEDES PENTEADO, 0, Sao Paulo, SP ; -23.6676656; -46.7131865 
06056; AV. DR. GUILHERME DUMONT VILARES, 1093, Sao Paulo, SP ; -23.6131552; -46.7412041 
06057; AV. COM. SANT ANNA, 0, Sao Paulo, SP ; -23.6761312; -46.7741317 
06058; AV. COM. SANT ANNA, 0, Sao Paulo, SP ; -23.6761312; -46.7741317 
06059; AV. MARIA COELHO AGUIAR, 0, Sao Paulo, SP ; -23.6449123; -46.7299828 
06060; AV. MARIA COELHO AGUIAR, 0, Sao Paulo, SP ; -23.6449123; -46.7299828 
06061; R. DO LAVAPES, 598, Sao Paulo, SP ; -23.5616174; -46.6268296 
06062; ESTR. DO ALVARENGA, 0, Sao Paulo, SP ; -23.6985364; -46.6726636 
06063; ESTR. DO ALVARENGA, 0, Sao Paulo, SP ; -23.6985364; -46.6726636 
06064; R. JOSE RAMON URTIZA, 0, Sao Paulo, SP ; -23.6382939; -46.736734 
06065; R. JOSE RAMON URTIZA, 0, Sao Paulo, SP ; -23.6382939; -46.736734 
06066; R. ENG. RANULFO PINHEIRO DE LIMA, 0, Sao Paulo, SP ; -23.5842642; -46.6144006 
06067; AV. GIOVANNI GRONCHI, 3107, Sao Paulo, SP ; -23.6087117; -46.7260691 
06068; AV. GIOVANNI GRONCHI, 3107, Sao Paulo, SP ; -23.6087117; -46.7260691 
06069; ESTRADA DA BARREIRA GRANDE, 0, Sao Paulo, SP ; -23.5840307; -46.5344961 
06070; ESTRADA DA BARREIRA GRANDE, 0, Sao Paulo, SP ; -23.5840307; -46.5344961 
06071; ESTRADA DA BARREIRA GRANDE, 2079, Sao Paulo, SP ; -23.587176; -46.5161354 
06072; ESTRADA DA BARREIRA GRANDE, 2079, Sao Paulo, SP ; -23.587176; -46.5161354 
06073; AV. ENG. ALBERTO DE ZAGOTTIS, 0, Sao Paulo, SP ; -23.6743421; -46.6975126 
06074; AV. ENG. ALBERTO DE ZAGOTTIS, 0, Sao Paulo, SP ; -23.6743421; -46.6975126 
06075; ESTRADA DO CAMPO LIMPO, 0, Sao Paulo, SP ; -23.6486115; -46.7539805 
06076; R. COSTA BARROS, 1448, Sao Paulo, SP ; -23.5985712; -46.5532146 
06077; R. COSTA BARROS, 1448, Sao Paulo, SP ; -23.5985712; -46.5532146 
06078; R.MAL. HASTIMPHILO DE MOURA, 0, Sao Paulo, SP ; -23.6151482; -46.7340536 
06079; R.MAL. HASTIMPHILO DE MOURA, 0, Sao Paulo, SP ; -23.6151482; -46.7340536 
06080; AV. PRES. ALTINO, 0, Sao Paulo, SP ; -23.5548657; -46.7514067 
06081; AV. PRES. ALTINO, 0, Sao Paulo, SP ; -23.5548657; -46.7514067 
06082; ESTRADA DO CAMPO LIMPO, 5211, Sao Paulo, SP ; -23.6220972; -46.7593438 
06083; ESTRADA DO CAMPO LIMPO, 5211, Sao Paulo, SP ; -23.6220972; -46.7593438 
06084; R. RIBEIRO LACERDA, 0, Sao Paulo, SP ; -23.6193181; -46.6233943 
06085; R. RIBEIRO LACERDA, 0, Sao Paulo, SP ; -23.6193181; -46.6233943 
06086; AV. DO RIO BONITO, 0, Sao Paulo, SP ; -23.6756731; -46.7123152 
06087; AV. DO RIO BONITO, 0, Sao Paulo, SP ; -23.6756731; -46.7123152 
06088; TUNEL SEBASTIAO CAMARGO , 0, Sao Paulo, SP ; -23.5904058; -46.6902247 
06089; AV. DO ORATORIO, 0, Sao Paulo, SP ; -23.5828436; -46.5628498 
06090; AV. DO ORATORIO, 0, Sao Paulo, SP ; -23.5828436; -46.5628498 
06500; R.FERNAO CARRILHO, 0, Sao Paulo, SP ; -23.5602392; -46.4081664 
06501; R.FERNAO CARRILHO, 0, Sao Paulo, SP ; -23.5602392; -46.4081664 
06502; R. CONEGO ANTONIO MANZI, 0, Sao Paulo, SP ; -23.5253257; -46.4119406 
06503; R. CONEGO ANTONIO MANZI, 0, Sao Paulo, SP ; -23.5253257; -46.4119406 
06504; R. SALVADOR GIANETTI, 386, Sao Paulo, SP ; -23.5243058; -46.4406411 
06505; R. SALVADOR GIANETTI, 386, Sao Paulo, SP ; -23.5243058; -46.4406411 
06506; R. JARDIM TAMOIO, 0, Sao Paulo, SP ; -23.5551877; -46.4449736 
06507; R. JARDIM TAMOIO, 0, Sao Paulo, SP ; -23.5551877; -46.4449736 
06508; AV. DOS LATINOS, 0, Sao Paulo, SP ; -23.5727977; -46.5057003 
06509; AV. DOS LATINOS, 0, Sao Paulo, SP ; -23.5727977; -46.5057003 
06510; AV. PARANAGUA, 2070, Sao Paulo, SP ; -23.4878898; -46.4794524 
06511; AV. PARANAGUA, 2070, Sao Paulo, SP ; -23.4878898; -46.4794524 
06512; AV. AMADOR BUENO DA VEIGA, 0, Sao Paulo, SP ; -23.5232362; -46.5446635 
06513; AV. AMADOR BUENO DA VEIGA, 0, Sao Paulo, SP ; -23.5232362; -46.5446635 
06514; R. OLHO D AGUA DO BORGES, 184, Sao Paulo, SP ; -23.4961363; -46.5072884 
06515; R. OLHO D AGUA DO BORGES, 184, Sao Paulo, SP ; -23.4961363; -46.5072884 
06516; AV. BARAO DE ALAGOAS, 0, Sao Paulo, SP ; -23.4977767; -46.3979689 
06517; AV. BARAO DE ALAGOAS, 0, Sao Paulo, SP ; -23.4977767; -46.3979689 
06518; R. ITINGUCU, 1503, Sao Paulo, SP ; -23.5274088; -46.501085 
06519; R. ITINGUCU, 1503, Sao Paulo, SP ; -23.5274088; -46.501085 
06520; R. MANUEL BUENO DA FONSECA, 300, Sao Paulo, SP ; -23.4961182; -46.3879796 
06521; R. MANUEL BUENO DA FONSECA, 300, Sao Paulo, SP ; -23.4961182; -46.3879796 
06522; ESTRADA DOM JOAO NERY, 0, Sao Paulo, SP ; -23.5162469; -46.4032698 
06523; ESTRADA DOM JOAO NERY, 0, Sao Paulo, SP ; -23.5162469; -46.4032698 
06524; R. SABBADO D ANGELO, 0, Sao Paulo, SP ; -23.5338153; -46.4519312 
06525; R. SABBADO D ANGELO, 0, Sao Paulo, SP ; -23.5338153; -46.4519312 
06526; R. LUIS MATEUS, 0, Sao Paulo, SP ; -23.542685; -46.4248881 
06527; R. LUIS MATEUS, 0, Sao Paulo, SP ; -23.542685; -46.4248881 
06528; VD. ARMANDO PUGLISI DO BEXIGA, 0, Sao Paulo, SP ; -23.5628739; -46.6457747 
06529; R. MAESTRO CARDIM, 0, Sao Paulo, SP ; -23.5597151; -46.6396228 
06530; R. ENG. EDGAR EGIDIO DE SOUSA, 303, Sao Paulo, SP ; -23.5418247; -46.6636219 
06531; AV. ALVARO RAMOS, 0, Sao Paulo, SP ; -23.5381327; -46.5893516 
06532; AV. ALVARO RAMOS, 0, Sao Paulo, SP ; -23.5381327; -46.5893516 
06533; AV. CELSO GARCIA, 4911, Sao Paulo, SP ; -23.5334709; -46.5652046 
06534; AV. RENATA, 257, Sao Paulo, SP ; -23.5725734; -46.5408197 
06535; AV. RENATA, 257, Sao Paulo, SP ; -23.5725734; -46.5408197 
06536; R. CELSO DE AZEVEDO MARQUES, 196, Sao Paulo, SP ; -23.5681946; -46.5962359 
06537; R. CELSO DE AZEVEDO MARQUES, 196, Sao Paulo, SP ; -23.5681946; -46.5962359 
06538; AV. CANGAIBA, 0, Sao Paulo, SP ; -23.506218; -46.522696 
06539; AV. CANGAIBA, 0, Sao Paulo, SP ; -23.506218; -46.522696 
06540; R. DA PASSAGEM FUNDA, 0, Sao Paulo, SP ; -23.5524168; -46.4134775 
06541; R. DA PASSAGEM FUNDA, 518, Sao Paulo, SP ; -23.5566946; -46.4110615 
06542; R. BENEDITO LEITE DE AVILA, 0, Sao Paulo, SP ; -23.5422313; -46.4132569 
06543; AV. DR. JOSE ARTUR NOVA, 806, Sao Paulo, SP ; -23.4862407; -46.4371892 
06545; AV. BOTURUSSU, 915, Sao Paulo, SP ; -23.4992752; -46.4874496 
06546; AV. BOTURUSSU, 915, Sao Paulo, SP ; -23.4992752; -46.4874496 
06547; AV. CELSO GARCIA, 1907, Sao Paulo, SP ; -23.5367894; -46.5932953 
06548; AV. CELSO GARCIA, 1907, Sao Paulo, SP ; -23.5367894; -46.5932953 
06549; R. SAO TEODORO, 1206, Sao Paulo, SP ; -23.5565596; -46.4497315 
06550; R. SAO TEODORO, 1206, Sao Paulo, SP ; -23.5565596; -46.4497315 
06551; AV. AGUIA DE HAIA, 0, Sao Paulo, SP ; -23.5377996; -46.4867131 
06552; AV. AGUIA DE HAIA, 0, Sao Paulo, SP ; -23.5377996; -46.4867131 
06553; AV. AGUIA DE HAIA, 0, Sao Paulo, SP ; -23.5377996; -46.4867131 
06554; AV. AGUIA DE HAIA, 0, Sao Paulo, SP ; -23.5377996; -46.4867131 
06555; AV. AFONSO DE SAMPAIO E SOUZA, 0, Sao Paulo, SP ; -23.5624949; -46.4658736 
06556; AV. AFONSO DE SAMPAIO E SOUZA, 0, Sao Paulo, SP ; -23.5624949; -46.4658736 
06557; R. AUGUSTO CARLOS BAUMAN, 0, Sao Paulo, SP ; -23.5316515; -46.4470261 
06558; R. AUGUSTO CARLOS BAUMAN, 0, Sao Paulo, SP ; -23.5316515; -46.4470261 
06559; R. DAMASIO PINTO, 294, Sao Paulo, SP ; -23.5289573; -46.4420086 
06560; R. DAMASIO PINTO, 294, Sao Paulo, SP ; -23.5289573; -46.4420086 
06561; AV. LIDER, 0, Sao Paulo, SP ; -23.5537018; -46.4916469 
06562; AV. LIDER, 0, Sao Paulo, SP ; -23.5537018; -46.4916469 
06563; AV. NORDESTINA, 0, Sao Paulo, SP ; -23.4934087; -46.4439375 
06564; AV. NORDESTINA, 0, Sao Paulo, SP ; -23.4934087; -46.4439375 
06565; R. DO ORATORIO, 0, Sao Paulo, SP ; -23.5556989; -46.6000644 
06566; R. DO ORATORIO, 0, Sao Paulo, SP ; -23.5556989; -46.6000644 
06567; AV. CIPRIANO RODRIGUES, 314, Sao Paulo, SP ; -23.5753114; -46.5293155 
06568; AV. CIPRIANO RODRIGUES, 314, Sao Paulo, SP ; -23.5753114; -46.5293155 
06569; AV. OLIVEIRA FREIRE, 0, Sao Paulo, SP ; -23.4850927; -46.4355237 
06570; AV. OLIVEIRA FREIRE, 0, Sao Paulo, SP ; -23.4850927; -46.4355237 
06571; AV. SAO MIGUEL, 2384, Sao Paulo, SP ; -23.5107098; -46.5080916 
06572; AV. SAO MIGUEL, 0, Sao Paulo, SP ; -23.5222343; -46.5260655 
06573; AV. NORDESTINA, 4704, Sao Paulo, SP ; -23.5194419; -46.4201377 
06574; AV. NORDESTINA, 4704, Sao Paulo, SP ; -23.5194419; -46.4201377 
06575; ESTR. DO LAGEADO VELHO, 0, Sao Paulo, SP ; -23.5393343; -46.4081207 
06576; ESTR. DO LAGEADO VELHO, 0, Sao Paulo, SP ; -23.5393343; -46.4081207 
06577; AV. JOSE PINHEIRO BORGES, 0, Sao Paulo, SP ; -23.5379455; -46.4560852 
06578; R. JOAO BOEMER, 0, Sao Paulo, SP ; -23.5389913; -46.6066245 
06579; AV. OSVALDO PUCCI, 0, Sao Paulo, SP ; -23.5659103; -46.4678497 
06580; AV. OSVALDO PUCCI, 0, Sao Paulo, SP ; -23.5659103; -46.4678497 
06581; AV. MAL. TITO, 0, Sao Paulo, SP ; -23.4919803; -46.4447948 
06582; AV. MAL. TITO, 0, Sao Paulo, SP ; -23.4919803; -46.4447948 
06583; AV. CANGAIBA, 0, Sao Paulo, SP ; -23.506218; -46.522696 
06584; AV. CANGAIBA, 0, Sao Paulo, SP ; -23.506218; -46.522696 
06585; AV. MAL. TITO, 0, Sao Paulo, SP ; -23.4919803; -46.4447948 
06586; AV. MAL. TITO, 0, Sao Paulo, SP ; -23.4919803; -46.4447948 
06587; AV. MONTEMAGNO, 0, Sao Paulo, SP ; -23.5627876; -46.5604325 
06588; AV. MONTEMAGNO, 0, Sao Paulo, SP ; -23.5627876; -46.5604325 
06589; AV. CAMPANELLA, 0, Sao Paulo, SP ; -23.5360921; -46.474411 
06590; AV. CAMPANELLA, 0, Sao Paulo, SP ; -23.5360921; -46.474411 
06591; AV. BOM JARDIM, 0, Sao Paulo, SP ; -23.5261185; -46.6119254 
06592; AV. BOM JARDIM, 0, Sao Paulo, SP ; -23.5261185; -46.6119254 
07500; AV. RIO BRANCO, 0, Sao Paulo, SP ; -23.5424644; -46.6379515 
07501; AV. RIO BRANCO, 0, Sao Paulo, SP ; -23.5424644; -46.6379515 
07502; AV. SANTOS DUMONT, 1, Sao Paulo, SP ; -23.5061709; -46.6278789 
07503; AV. SANTOS DUMONT, 4, Sao Paulo, SP ; -23.5266269; -46.631027 
07504; AV. SANTOS DUMONT, 1, Sao Paulo, SP ; -23.5061709; -46.6278789 
07505; AV. SANTOS DUMONT, 4, Sao Paulo, SP ; -23.5266269; -46.631027 
07506; AV. SAO JOAO, 0, Sao Paulo, SP ; -23.5444048; -46.6365864 
07507; AV. SAO JOAO, 0, Sao Paulo, SP ; -23.5444048; -46.6365864 
07510; AV ITAQUERA, 0, Sao Paulo, SP ; -23.5583426; -46.5214865 
07511; AV. ITAQUERA, 0, Sao Paulo, SP ; -23.5583426; -46.5214865 
07512; AV. JACU, 0, Sao Paulo, SP ; -23.5136382; -46.4561021 
07513; AV. JACU, 0, Sao Paulo, SP ; -23.5136382; -46.4561021 
07514; AV. SALIM FARAH MALUF, 1, Sao Paulo, SP ; -23.5292562; -46.5845386 
07515; AV SALIM FARAH MALUF, 3, Sao Paulo, SP ; -23.5292728; -46.5845315 
07516; R. DR. ASSIS RIBEIRO, 0, Sao Paulo, SP ; -23.5098008; -46.5505519 
07517; R. DR. ASSIS RIBEIRO, 0, Sao Paulo, SP ; -23.5098008; -46.5505519 
07518; AV. NOVE DE JULHO, 0, Sao Paulo, SP ; -23.5517584; -46.6473069 
07519; AV. NOVE DE JULHO, 0, Sao Paulo, SP ; -23.5517584; -46.6473069 
07520; AV. NOVE DE JULHO, 0, Sao Paulo, SP ; -23.5517584; -46.6473069 
07521; AV. NOVE DE JULHO, 0, Sao Paulo, SP ; -23.5517584; -46.6473069 
07522; AV. EUSEBIO MATOSO, 0, Sao Paulo, SP ; -23.5715591; -46.6948518 
07523; AV. EUSEBIO MATOSO, 0, Sao Paulo, SP ; -23.5715591; -46.6948518 
07524; AV. EUSEBIO MATOSO, 0, Sao Paulo, SP ; -23.5715591; -46.6948518 
07525; AV. EUSEBIO MATOSO, 0, Sao Paulo, SP ; -23.5715591; -46.6948518 
07526; AV. SALIM F. MALUF, 1, Sao Paulo, SP ; -23.5292562; -46.5845386 
07527; AV. SALIM F. MALUF, 4, Sao Paulo, SP ; -23.530951; -46.5841465 
07528; AV SALIM F MALUF, 1, Sao Paulo, SP ; -23.5292562; -46.5845386 
07529; AV SALIM F MALUF, 4, Sao Paulo, SP ; -23.530951; -46.5841465 
07530; AV NOVE DE JULHO, 0, Sao Paulo, SP ; -23.5517584; -46.6473069 
07531; AV. NOVE DE JULHO, 0, Sao Paulo, SP ; -23.5517584; -46.6473069 
07532; AV NOVE DE JULHO, 0, Sao Paulo, SP ; -23.5517584; -46.6473069 
07533; AV. NOVE DE JULHO, 0, Sao Paulo, SP ; -23.5517584; -46.6473069 
07534; AV. NOVE DE JULHO, 0, Sao Paulo, SP ; -23.5517584; -46.6473069 
07535; AV. NOVE DE JULHO, 0, Sao Paulo, SP ; -23.5517584; -46.6473069 
07536; AV. NOVE DE JULHO, 0, Sao Paulo, SP ; -23.5517584; -46.6473069 
07537; AV. NOVE DE JULHO, 2, Sao Paulo, SP ; -23.6438769; -46.7011601 
07538; AV. NOVE DE JULHO, 0, Sao Paulo, SP ; -23.5517584; -46.6473069 
07539; AV. JACU, 0, Sao Paulo, SP ; -23.5136382; -46.4561021 
07540; AV. JACU, 0, Sao Paulo, SP ; -23.5136382; -46.4561021 
07541; AV JACU, 0, Sao Paulo, SP ; -23.5136382; -46.4561021 
07542; AV. JACU, 0, Sao Paulo, SP ; -23.5136382; -46.4561021 
07543; AV. JACU, 0, Sao Paulo, SP ; -23.5136382; -46.4561021 
07544; AV. JACU, 0, Sao Paulo, SP ; -23.5136382; -46.4561021 
07545; AV. REBOUCAS, 0, Sao Paulo, SP ; -23.5666153; -46.6829404 
07546; AV. REBOUCAS, 0, Sao Paulo, SP ; -23.5666153; -46.6829404 
07547; AV. REBOUCAS, 0, Sao Paulo, SP ; -23.5666153; -46.6829404 
07548; AV. REBOUCAS, 0, Sao Paulo, SP ; -23.5666153; -46.6829404 
07549; AV. SALIM FARAH MALUF, 0, Sao Paulo, SP ; -23.5307429; -46.5843061 
07550; AV. ARICANDUVA, 12700, Sao Paulo, SP ; -23.5958503; -46.4661756 
07551; AV. ARICANDUVA, 12011, Sao Paulo, SP ; -23.592422; -46.472395 
07552; AV. SALIM FARAH MALUF, 0, Sao Paulo, SP ; -23.5307429; -46.5843061 
07553; AV. ALCANTARA MACHADO, 1, Sao Paulo, SP ; -23.5513133; -46.6249218 
07554; AV. ALCANTARA MACHADO, 4, Sao Paulo, SP ; -23.5519584; -46.624942 
07555; AV. ALCANTARA MACHADO, 1, Sao Paulo, SP ; -23.5513133; -46.6249218 
07556; AV. ALCANTARA MACHADO, 4, Sao Paulo, SP ; -23.5519584; -46.624942 
07557; AV. REBOUCAS, 2380, Sao Paulo, SP ; -23.5669276; -46.683167 
07558; AV. REBOUCAS, 2380, Sao Paulo, SP ; -23.5669276; -46.683167 
07559; AV. REBOUCAS, 2380, Sao Paulo, SP ; -23.5669276; -46.683167 
07560; AV. REBOUCAS, 2380, Sao Paulo, SP ; -23.5669276; -46.683167 
07561; AV. JOSE PINHEIRO BORGES, 0, Sao Paulo, SP ; -23.5379455; -46.4560852 
07562; AV. JOSE PINHEIRO BORGES, 0, Sao Paulo, SP ; -23.5379455; -46.4560852 
07563; AV. CALIM EID, 0, Sao Paulo, SP ; -23.52567; -46.491469 
07564; AV. CALIM EID, 0, Sao Paulo, SP ; -23.52567; -46.491469 
07565; AV. ALCANTARA MACHADO, 1, Sao Paulo, SP ; -23.5513133; -46.6249218 
07566; AV. ALCANTARA MACHADO, 4, Sao Paulo, SP ; -23.5519584; -46.624942 
07569; AV. CONDE DE FRONTIN, 1, Sao Paulo, SP ; -23.5368669; -46.55827 
07570; AV. CONDE DE FRONTIN, 4, Sao Paulo, SP ; -23.5370272; -46.5582094 
07571; AV. CONDE DE FRONTIN, 1, Sao Paulo, SP ; -23.5368669; -46.55827 
07572; AV. CONDE DE FRONTIN, 4, Sao Paulo, SP ; -23.5370272; -46.5582094 
07573; AV. PAES DE BARROS, 3420, Sao Paulo, SP ; -23.5808575; -46.5867991 
07574; AV. PAES DE BARROS, 3420, Sao Paulo, SP ; -23.5808575; -46.5867991 
07575; AV PAES DE BARROS, 0, Sao Paulo, SP ; -23.5555204; -46.6001961 
07576; AV PAES DE BARROS, 2, Sao Paulo, SP ; -23.5555204; -46.6001961 
07577; AV PAES DE BARROS, 0, Sao Paulo, SP ; -23.5555204; -46.6001961 
07578; AV JOSE PINHEIRO BORGES, 0, Sao Paulo, SP ; -23.5379455; -46.4560852 
07580; RUA MELO FREIRE, 0, Sao Paulo, SP ; -23.5391715; -46.5695321 
07581; AV ALCANTARA MACHADO, 2263, Sao Paulo, SP ; -23.5462533; -46.5989788 
07582; AV ALCANTARA MACHADO, 0, Sao Paulo, SP ; -23.5519625; -46.6249602 
07583; AV ALCANTARA MACHADO, 4, Sao Paulo, SP ; -23.5519584; -46.624942 
07584; AV ARICANDUVA, 0, Sao Paulo, SP ; -23.5379234; -46.5459813 
07585; AV ARICANDUVA, 0, Sao Paulo, SP ; -23.5379234; -46.5459813 
07586; AV SAO MIGUEL, 0, Sao Paulo, SP ; -23.5222343; -46.5260655 
07587; AV SAO MIGUEL, 0, Sao Paulo, SP ; -23.5222343; -46.5260655 
07588; AV CRUZEIRO DO SUL, 400, Sao Paulo, SP ; -23.5283624; -46.6252591 
07589; AV CRUZEIRO DO SUL, 400, Sao Paulo, SP ; -23.5283624; -46.6252591 
07590; AV JACU PESSEGO/N. TRABALHADORES, 0, Sao Paulo, SP ; -23.532413; -46.4556764 
07591; AV JACU PESSEGO/N. TRABALHADORES, 0, Sao Paulo, SP ; -23.532413; -46.4556764 
07592; AV ITAQUERA, 0, Sao Paulo, SP ; -23.5583426; -46.5214865 
07593; AV. ARICANDUVA, 12011, Sao Paulo, SP ; -23.592422; -46.472395 
